GeoAssetID,OwnerCompanyID,Percentage,CompanyName
5039,-1,0.2500,Unknown
5080,-1,0.2900,Unknown
5081,-1,0.0400,Unknown
5085,9,1.0000,Abu Dubai Oil Refining Company
5090,9,1.0000,Abu Dubai Oil Refining Company
5054,18,1.0000,Aden Refinery Company
4703,46,1.0000,Alcoa
4860,46,1.0000,Alcoa
4943,54,1.0000,Alma Petroli
4644,58,1.0000,Alon USA
4783,73,1.0000,American Refining Group
4833,78,1.0000,ANCAP
4949,91,1.0000,Api Anonima Petroli Italiana SpA
4916,94,0.3333,Aquitane
5118,127,1.0000,Attock Refinery
4794,139,1.0000,Axeon SP
5076,143,1.0000,Bahrain Petroleum
5156,148,1.0000,Bangchak Petroleum
5149,150,1.0000,Bangladesh Petroleum Corporation
5095,158,1.0000,Bashneft
5096,158,1.0000,Bashneft
5097,158,1.0000,Bashneft
5128,180,1.0000,Bharat Oman Refineries
5132,181,1.0000,Bharat Petroleum
9731,181,1.0000,Bharat Petroleum
4659,185,1.0000,Big West Oil
5104,204,1.0000,Bosicor Pakistan
5107,204,1.0000,Bosicor Pakistan
5192,209,1.0000,BP
4913,209,1.0000,BP
5013,209,0.5000,BP
5024,209,0.3333,BP
4632,209,1.0000,BP
4627,209,1.0000,BP
4758,209,1.0000,BP
4763,209,0.5000,BP
4878,209,1.0000,BP
4890,209,1.0000,BP
4911,209,1.0000,BP
5264,209,1.0000,BP
9704,221,1.0000,Buckeye Partners
4799,221,1.0000,Buckeye Partners
4727,231,1.0000,Calcasieu Refining Company
5265,236,1.0000,Caltex Australia
4723,237,1.0000,Calumet
4724,237,1.0000,Calumet
4725,237,1.0000,Calumet
4734,237,1.0000,Calumet
4663,237,1.0000,Calumet
4689,237,1.0000,Calumet
4796,249,1.0000,Carlyle Group
4684,260,0.5000,Cenovus
4743,260,0.5000,Cenovus
4852,266,1.0000,Cepsa
4862,266,1.0000,Cepsa
4863,266,1.0000,Cepsa
4864,266,1.0000,Cepsa
15989,266,0.5000,Cepsa
5131,267,1.0000,Ceylon Petroleum Corporation
5134,280,1.0000,Chennai Petroleum Corporation
5130,280,1.0000,Chennai Petroleum Corporation
5159,281,0.6400,ChevTex
5199,281,1.0000,ChevTex
4750,281,1.0000,ChevTex
4754,281,1.0000,ChevTex
4730,281,0.1100,ChevTex
4658,281,1.0000,ChevTex
4631,281,1.0000,ChevTex
4637,281,1.0000,ChevTex
4646,281,1.0000,ChevTex
9716,281,0.3000,ChevTex
4666,297,1.0000,CHS
4692,297,1.0000,CHS
4726,304,1.0000,Citgo
4697,304,1.0000,Citgo
4753,304,1.0000,Citgo
4772,304,1.0000,Citgo
4813,304,1.0000,Citgo
5191,312,1.0000,CNOOC
9652,312,1.0000,CNOOC
9655,312,1.0000,CNOOC
9720,312,1.0000,CNOOC
15979,312,0.5100,CNOOC
16128,312,1.0000,CNOOC
16135,312,1.0000,CNOOC
16144,312,0.3300,CNOOC
16136,313,1.0000,CNPC
16147,313,0.1200,CNPC
16150,313,1.0000,CNPC
16156,313,1.0000,CNPC
16166,313,1.0000,CNPC
16169,313,1.0000,CNPC
16038,313,1.0000,CNPC
16084,313,1.0000,CNPC
16088,313,1.0000,CNPC
9634,313,0.6000,CNPC
9622,313,0.3000,CNPC
5020,313,1.0000,CNPC
5017,313,0.5000,CNPC
5010,313,0.5000,CNPC
5031,313,0.5000,CNPC
4917,313,1.0000,CNPC
4885,320,1.0000,Colas Group
4859,335,1.0000,ConocoPhillips
4760,342,1.0000,Continental Refining
4938,347,1.0000,CORAF
5081,357,0.0200,Cosmo Oil
5245,357,1.0000,Cosmo Oil
5256,357,1.0000,Cosmo Oil
5240,357,1.0000,Cosmo Oil
5247,357,1.0000,Cosmo Oil
15994,357,0.0200,Cosmo Oil
4755,358,1.0000,Countrymark
5204,360,1.0000,CPC Corp Taiwan
5207,360,1.0000,CPC Corp Taiwan
5208,360,1.0000,CPC Corp Taiwan
5215,360,1.0000,CPC Corp Taiwan
4732,363,1.0000,Cross Oil
4769,369,1.0000,Cuba-Petroleo Company
4838,369,1.0000,Cuba-Petroleo Company
5121,369,0.5000,Cuba-Petroleo Company
9657,369,1.0000,Cuba-Petroleo Company
4699,373,1.0000,CVR Energy
4706,373,1.0000,CVR Energy
4707,395,1.0000,Delek
4683,395,1.0000,Delek
4733,395,1.0000,Delek
4735,395,1.0000,Delek
4653,395,1.0000,Delek
4806,449,1.0000,Ecopetrol
4811,449,1.0000,Ecopetrol
4786,449,1.0000,Ecopetrol
4801,449,1.0000,Ecopetrol
4803,449,1.0000,Ecopetrol
16121,449,1.0000,Ecopetrol
9659,456,1.0000,EGPC
5008,456,1.0000,EGPC
5009,456,1.0000,EGPC
5015,456,1.0000,EGPC
5012,456,1.0000,EGPC
5021,456,1.0000,EGPC
5018,456,1.0000,EGPC
5019,456,1.0000,EGPC
7246,472,1.0000,Emirates National Oil
4812,475,1.0000,Empresa Nacional del Petroleo
4809,475,1.0000,Empresa Nacional del Petroleo
4805,475,1.0000,Empresa Nacional del Petroleo
5108,479,1.0000,ENAR Petrotech Services
4930,491,1.0000,ENI
4952,491,0.0800,ENI
4944,491,1.0000,ENI
4919,491,1.0000,ENI
4953,491,1.0000,ENI
4961,491,0.5000,ENI
4966,491,1.0000,ENI
9664,491,0.2000,ENI
16078,506,0.0500,Ergon
4777,506,1.0000,Ergon
4738,506,1.0000,Ergon
4871,510,1.0000,Nayara
5112,510,1.0000,Nayara
5080,529,0.1000,ExxonMobil
5169,529,1.0000,ExxonMobil
4956,529,1.0000,ExxonMobil
4918,529,0.7400,ExxonMobil
4931,529,1.0000,ExxonMobil
5033,529,0.5000,ExxonMobil
5036,529,0.5000,ExxonMobil
4873,529,1.0000,ExxonMobil
4882,529,1.0000,ExxonMobil
4895,529,1.0000,ExxonMobil
4915,529,0.2500,ExxonMobil
4900,529,1.0000,ExxonMobil
4897,529,1.0000,ExxonMobil
4737,529,1.0000,ExxonMobil
4751,529,1.0000,ExxonMobil
4730,529,0.1400,ExxonMobil
4718,529,1.0000,ExxonMobil
4714,529,1.0000,ExxonMobil
4668,529,1.0000,ExxonMobil
9698,529,1.0000,ExxonMobil
5261,529,1.0000,ExxonMobil
4654,550,1.0000,Foreland Refining
5205,551,1.0000,Formosa Plastics
5253,561,1.0000,Fuji Oil Company
4854,566,1.0000,Galp Energia
4855,566,1.0000,Galp Energia
5062,570,1.0000,Gazprom
5117,570,1.0000,Gazprom
5120,570,1.0000,Gazprom
5093,570,1.0000,Gazprom
5032,570,1.0000,Gazprom
4977,570,1.0000,Gazprom
4978,570,1.0000,Gazprom
15967,570,0.5000,Gazprom
4969,585,0.7500,Glencore
4643,615,1.0000,Greka Energy
4971,618,1.0000,Grupa Lotos
5227,624,1.0000,GS Caltex
5212,626,1.0000,Guan Sheng GroupÂ 
4935,641,1.0000,Gunvor
4893,641,1.0000,Gunvor
4928,642,1.0000,H & R Group
16101,642,1.0000,H & R Group
5230,647,0.5000,Hanjin
16005,654,0.5000,Hanwha
4981,660,1.0000,Hellenic Petroleum
4985,660,1.0000,Hellenic Petroleum
4988,660,1.0000,Hellenic Petroleum
4989,660,1.0000,Hellenic Petroleum
16003,665,1.0000,Hess
5115,670,1.0000,Hindustan Petroleum
5137,670,1.0000,Hindustan Petroleum
4677,677,1.0000,HollyFrontier
4662,677,1.0000,HollyFrontier
4679,677,1.0000,HollyFrontier
4704,677,1.0000,HollyFrontier
4702,677,1.0000,HollyFrontier
5123,684,1.0000,HPCL-Mittal Energy Limited
4757,689,1.0000,Hunt Oil
4749,689,1.0000,Hunt Oil
4761,691,1.0000,Husky Energy
4763,691,0.5000,Husky Energy
4665,691,1.0000,Husky Energy
4633,691,1.0000,Husky Energy
5224,695,1.0000,Hyundai Oilbank
5248,701,1.0000,Idemitsu
5236,701,1.0000,Idemitsu
5254,701,1.0000,Idemitsu
5259,701,1.0000,Idemitsu
15994,701,0.0200,Idemitsu
4655,708,1.0000,Imperial Oil
4768,708,1.0000,Imperial Oil
4778,708,1.0000,Imperial Oil
4825,708,1.0000,Imperial Oil
4963,712,1.0000,INA
4955,712,1.0000,INA
5125,718,1.0000,Indian Oil
5127,718,1.0000,Indian Oil
5119,718,1.0000,Indian Oil
5147,718,1.0000,Indian Oil
5148,718,1.0000,Indian Oil
5142,718,1.0000,Indian Oil
5143,718,1.0000,Indian Oil
5145,718,1.0000,Indian Oil
5153,718,1.0000,Indian Oil
4901,721,1.0000,Ineos
4868,721,0.5000,Ineos
4920,750,1.0000,Iplom
5055,755,1.0000,Iraq National Oil Company
5051,755,1.0000,Iraq National Oil Company
5052,755,1.0000,Iraq National Oil Company
5047,755,1.0000,Iraq National Oil Company
5061,755,1.0000,Iraq National Oil Company
9719,755,1.0000,Iraq National Oil Company
9668,755,1.0000,Iraq National Oil Company
9669,755,1.0000,Iraq National Oil Company
9670,755,1.0000,Iraq National Oil Company
9671,755,1.0000,Iraq National Oil Company
9672,755,1.0000,Iraq National Oil Company
9673,755,1.0000,Iraq National Oil Company
5162,757,1.0000,IRPC
4817,758,1.0000,Irving
5028,788,1.0000,Jordan Petroleum Refinery
5257,793,1.0000,JX Nippon Oil
5258,793,1.0000,JX Nippon Oil
5255,793,1.0000,JX Nippon Oil
5252,793,1.0000,JX Nippon Oil
5237,793,1.0000,JX Nippon Oil
5235,793,1.0000,JX Nippon Oil
5250,793,1.0000,JX Nippon Oil
5242,793,1.0000,JX Nippon Oil
5239,793,1.0000,JX Nippon Oil
5244,793,1.0000,JX Nippon Oil
15986,793,1.0000,JX Nippon Oil
4645,814,1.0000,Kern Oil & Refining
9703,818,1.0000,Kinder Morgan
4922,822,1.0000,Klesch
4835,823,1.0000,KNOC
4698,829,1.0000,Koch
16057,829,1.0000,Koch
4891,840,1.0000,Kuwait Petroleum
4961,840,0.5000,Kuwait Petroleum
5063,840,1.0000,Kuwait Petroleum
5064,840,1.0000,Kuwait Petroleum
5065,840,1.0000,Kuwait Petroleum
5098,891,1.0000,Lukoil
5089,891,1.0000,Lukoil
4957,891,1.0000,Lukoil
4959,891,1.0000,Lukoil
4960,891,1.0000,Lukoil
5050,891,1.0000,Lukoil
5053,891,1.0000,Lukoil
5011,891,1.0000,Lukoil
4992,891,1.0000,Lukoil
5000,891,1.0000,Lukoil
4889,891,0.5000,Lukoil
9692,891,1.0000,Lukoil
9693,891,1.0000,Lukoil
16173,897,1.0000,Lyondellbasell
4709,897,1.0000,Lyondellbasell
9706,906,1.0000,Magellan Midstream Partners
4798,914,1.0000,Maple Energy
4715,919,1.0000,Marathon Petroleum
4716,919,1.0000,Marathon Petroleum
4770,919,1.0000,Marathon Petroleum
4764,919,1.0000,Marathon Petroleum
4765,919,1.0000,Marathon Petroleum
4756,919,1.0000,Marathon Petroleum
4740,919,1.0000,Marathon Petroleum
15994,932,0.0100,Marubeni
5031,964,0.5000,Ministry of Energy and Mining of Sudan
15994,970,0.0100,Mitsui
16174,980,1.0000,MOL
4965,980,1.0000,MOL
4972,980,1.0000,MOL
4792,985,1.0000,Monroe Energy
4741,992,1.0000,Motiva
4739,992,1.0000,Motiva
4720,992,1.0000,Motiva
4986,993,1.0000,Motor Oil Hellas
5151,1005,1.0000,Myanmar Petrochemical Enterprise
5152,1005,1.0000,Myanmar Petrochemical Enterprise
9679,1005,1.0000,Myanmar Petrochemical Enterprise
5002,1007,1.0000,Naftan
5057,1025,1.0000,National Iranian Oil
5059,1025,1.0000,National Iranian Oil
5094,1025,1.0000,National Iranian Oil
5066,1025,1.0000,National Iranian Oil
5069,1025,1.0000,National Iranian Oil
5077,1025,1.0000,National Iranian Oil
5078,1025,1.0000,National Iranian Oil
5084,1025,1.0000,National Iranian Oil
5087,1025,1.0000,National Iranian Oil
15996,1025,0.1790,National Iranian Oil
15993,1025,1.0000,National Iranian Oil
4990,1026,1.0000,National Oil Corporation
4975,1026,1.0000,National Oil Corporation
4970,1026,1.0000,National Oil Corporation
4980,1026,1.0000,National Oil Corporation
4946,1026,1.0000,National Oil Corporation
4983,1047,1.0000,Neste
4993,1047,1.0000,Neste
15990,1047,0.2500,Neste
9685,1054,1.0000,New Stream Group
5106,1054,1.0000,New Stream Group
4829,1062,0.5000,Nidera Argentina SA
4904,1067,1.0000,Nigerian National Petroleum
4912,1067,1.0000,Nigerian National Petroleum
4914,1067,1.0000,Nigerian National Petroleum
9686,1102,1.0000,Novatek
5150,1105,1.0000,Numaligarh Refinery
4773,1106,1.0000,NuStar
4870,1112,1.0000,Nynas
4929,1112,1.0000,Nynas
4967,1112,1.0000,Nynas
9697,1112,1.0000,Nynas
5136,1138,1.0000,Oil and Natural Gas Corporation Limited
5026,1141,1.0000,Bazan Group
4894,1144,1.0000,OilTanking
5100,1151,1.0000,Oman Refineries And Petrochemicals
5101,1151,1.0000,Oman Refineries And Petrochemicals
6958,1151,1.0000,Oman Refineries And Petrochemicals
4994,1159,1.0000,OMV
4964,1159,1.0000,OMV
4947,1159,1.0000,OMV
5243,1175,1.0000,Osaka Gas
5110,1188,1.0000,Pakistan Arab Refinery Company
5114,1188,1.0000,Pakistan Arab Refinery Company
4625,1204,1.0000,Par Pacific Holdings
4680,1204,1.0000,Par Pacific Holdings
5025,1212,1.0000,PAZ
4647,1214,1.0000,PBF Energy
4746,1214,1.0000,PBF Energy
4762,1214,0.0000,PBF Energy
4793,1214,1.0000,PBF Energy
4790,1214,1.0000,PBF Energy
4787,1219,0.5000,PDVSA
4820,1219,1.0000,PDVSA
4821,1219,1.0000,PDVSA
4822,1219,1.0000,PDVSA
4823,1219,1.0000,PDVSA
4807,1219,1.0000,PDVSA
4721,1219,1.0000,PDVSA
4934,1219,1.0000,PDVSA
5116,1219,1.0000,PDVSA
5121,1219,0.5000,PDVSA
5088,1219,1.0000,PDVSA
9714,1219,1.0000,PDVSA
9715,1219,0.6000,PDVSA
9716,1219,0.7000,PDVSA
15990,1219,0.2500,PDVSA
5001,1223,1.0000,Pemex
4685,1223,1.0000,Pemex
4687,1223,1.0000,Pemex
4688,1223,1.0000,Pemex
4795,1223,1.0000,Pemex
4902,1223,1.0000,Pemex
15945,1229,1.0000,Perenco
5233,1231,1.0000,Pertamina
16124,1231,1.0000,Pertamina
5155,1231,1.0000,Pertamina
5163,1231,1.0000,Pertamina
5195,1231,1.0000,Pertamina
5185,1231,0.5000,Pertamina
5173,1231,1.0000,Pertamina
5175,1231,1.0000,Pertamina
5178,1231,1.0000,Pertamina
4827,1240,0.5000,Petro Gas
4629,1241,1.0000,Petro Star
4630,1241,1.0000,Petro Star
4710,1242,1.0000,Petrobras
4830,1242,1.0000,Petrobras
4839,1242,1.0000,Petrobras
4840,1242,1.0000,Petrobras
4841,1242,1.0000,Petrobras
4842,1242,1.0000,Petrobras
4843,1242,1.0000,Petrobras
4844,1242,1.0000,Petrobras
4845,1242,1.0000,Petrobras
4847,1242,1.0000,Petrobras
4848,1242,1.0000,Petrobras
4849,1242,1.0000,Petrobras
4837,1242,1.0000,Petrobras
5228,1242,1.0000,Petrobras
9630,1242,1.0000,Petrobras
5225,1246,1.0000,PetroChina
5219,1246,1.0000,PetroChina
5220,1246,1.0000,PetroChina
5222,1246,1.0000,PetroChina
5223,1246,1.0000,PetroChina
5214,1246,1.0000,PetroChina
9650,1246,1.0000,PetroChina
9651,1246,1.0000,PetroChina
9643,1246,1.0000,PetroChina
9644,1246,1.0000,PetroChina
9641,1246,1.0000,PetroChina
9635,1246,1.0000,PetroChina
9636,1246,1.0000,PetroChina
9637,1246,1.0000,PetroChina
9638,1246,1.0000,PetroChina
9639,1246,1.0000,PetroChina
4868,1246,0.5000,PetroChina
5176,1246,1.0000,PetroChina
5211,1246,1.0000,PetroChina
5168,1246,1.0000,PetroChina
5139,1246,1.0000,PetroChina
5144,1246,1.0000,PetroChina
4788,1249,1.0000,Petroecuador
4776,1249,1.0000,Petroecuador
4779,1249,1.0000,Petroecuador
4787,1251,0.5000,Petrojam
5111,1252,1.0000,Petrokazakhstan
5210,1268,1.0000,Petron
5189,1269,1.0000,Petronas
5166,1269,1.0000,Petronas
5167,1269,1.0000,Petronas
5014,1269,1.0000,Petronas
10786,1269,1.0000,Petronas
15999,1269,0.5000,Petronas
4782,1273,1.0000,Petroperu
4785,1273,1.0000,Petroperu
4804,1273,1.0000,Petroperu
4771,1273,1.0000,Petroperu
4969,1275,0.2500,PetroSA
5030,1278,1.0000,Petrotrin
5177,1279,1.0000,PetroVietnam
16099,1279,1.0000,PetroVietnam
9708,1285,1.0000,Phillips 66
4743,1285,0.5000,Phillips 66
4745,1285,1.0000,Phillips 66
4705,1285,1.0000,Phillips 66
4701,1285,1.0000,Phillips 66
4728,1285,1.0000,Phillips 66
4639,1285,1.0000,Phillips 66
4634,1285,1.0000,Phillips 66
4648,1285,1.0000,Phillips 66
4650,1285,1.0000,Phillips 66
4684,1285,0.5000,Phillips 66
4667,1285,1.0000,Phillips 66
4800,1285,1.0000,Phillips 66
4774,1285,1.0000,Phillips 66
4775,1285,1.0000,Phillips 66
4915,1285,0.1800,Phillips 66
4877,1285,1.0000,Phillips 66
4979,1289,1.0000,PKN Orlen
4976,1289,1.0000,PKN Orlen
4736,1290,1.0000,Placid Refining Company
4933,1312,1.0000,Preem
4937,1312,1.0000,Preem
5159,1337,0.3600,PTT Aromatics and Refining Public Company
5160,1337,1.0000,PTT Aromatics and Refining Public Company
9700,1337,1.0000,PTT Aromatics and Refining Public Company
4831,1338,1.0000,PTT Public Company Limited
4759,1340,1.0000,Puma Energy
5262,1340,1.0000,Puma Energy
9674,1345,1.0000,Qaiwan Group
15994,1350,0.8400,Qatar Petroleum
5080,1350,0.5100,Qatar Petroleum
5081,1350,0.8400,Qatar Petroleum
5079,1350,1.0000,Qatar Petroleum
4998,1364,1.0000,Rafo
5135,1373,1.0000,Refinadora Costarricense de Petroleo
4997,1374,1.0000,Refineria Dominicana de Petroleo SA
5266,1375,1.0000,Refining New Zealand
9667,1378,1.0000,Reliance
5113,1378,1.0000,Reliance
4784,1380,1.0000,Repsol
4883,1380,1.0000,Repsol
4869,1380,1.0000,Repsol
4866,1380,1.0000,Repsol
4874,1380,1.0000,Repsol
4857,1380,1.0000,Repsol
15989,1380,0.5000,Repsol
5003,1388,1.0000,Rompetrol
5035,1390,1.0000,Rosneft
5056,1390,1.0000,Rosneft
5044,1390,1.0000,Rosneft
5040,1390,1.0000,Rosneft
4952,1390,0.5400,Rosneft
5124,1390,1.0000,Rosneft
5071,1390,1.0000,Rosneft
5074,1390,1.0000,Rosneft
5067,1390,1.0000,Rosneft
5140,1390,1.0000,Rosneft
5146,1390,1.0000,Rosneft
5172,1390,1.0000,Rosneft
5185,1390,0.5000,Rosneft
4915,1390,0.2400,Rosneft
15955,1390,1.0000,Rosneft
15958,1390,0.9610,Rosneft
15967,1390,0.5000,Rosneft
9715,1390,0.4000,Rosneft
9664,1390,0.2500,Rosneft
4730,1399,0.2400,Rubis
5038,1403,1.0000,Russneft
15966,1415,0.0284,Sakhalin Energy Investment
4921,1431,1.0000,Saras SPA
9696,1434,0.6400,Sasol
9694,1436,1.0000,Aramco Trading Company
9695,1436,0.6300,Aramco Trading Company
5230,1436,0.5000,Aramco Trading Company
15999,1436,0.5000,Aramco Trading Company
16187,1436,1.0000,Aramco Trading Company
5058,1436,1.0000,Aramco Trading Company
5041,1436,1.0000,Aramco Trading Company
5039,1436,0.3700,Aramco Trading Company
5036,1436,0.5000,Aramco Trading Company
5033,1436,0.5000,Aramco Trading Company
5034,1436,0.6200,Aramco Trading Company
5070,1436,0.3333,Aramco Trading Company
5075,1436,1.0000,Aramco Trading Company
5234,1461,1.0000,Seibu Shipping
5092,1480,1.0000,Sharjah Oil
5070,1482,0.3333,Shell
5164,1482,1.0000,Shell
5171,1482,1.0000,Shell
5024,1482,0.3333,Shell
5013,1482,0.5000,Shell
4916,1482,0.3333,Shell
4925,1482,1.0000,Shell
4952,1482,0.3700,Shell
4712,1482,1.0000,Shell
4752,1482,1.0000,Shell
4657,1482,1.0000,Shell
4641,1482,1.0000,Shell
4636,1482,1.0000,Shell
4915,1482,0.3200,Shell
4908,1482,1.0000,Shell
4898,1482,1.0000,Shell
4853,1482,1.0000,Shell
5232,1482,1.0000,Shell
5213,1482,1.0000,Shell
5246,1482,1.0000,Shell
5260,1482,1.0000,Shell
9632,1482,1.0000,Shell
9625,1482,1.0000,Shell
9705,1482,1.0000,Shell
9663,1482,1.0000,Shell
15990,1482,0.5000,Shell
16004,1482,0.3333,Shell
4664,1506,1.0000,Silver Eagle Refining Company
4660,1506,1.0000,Silver Eagle Refining Company
4673,1512,1.0000,Sinclair Oil Corp
4670,1512,1.0000,Sinclair Oil Corp
5170,1514,1.0000,Singapore Refining Company
16120,1518,1.0000,Sinochem
16086,1520,1.0000,Sinopec
9640,1520,1.0000,Sinopec
9642,1520,1.0000,Sinopec
9645,1520,1.0000,Sinopec
9646,1520,1.0000,Sinopec
9647,1520,1.0000,Sinopec
9648,1520,1.0000,Sinopec
9649,1520,1.0000,Sinopec
7222,1520,1.0000,Sinopec
5216,1520,1.0000,Sinopec
5217,1520,1.0000,Sinopec
5218,1520,1.0000,Sinopec
5186,1520,1.0000,Sinopec
5187,1520,1.0000,Sinopec
5188,1520,1.0000,Sinopec
5190,1520,1.0000,Sinopec
5179,1520,1.0000,Sinopec
5182,1520,1.0000,Sinopec
5183,1520,1.0000,Sinopec
5209,1520,1.0000,Sinopec
5193,1520,1.0000,Sinopec
5194,1520,1.0000,Sinopec
5196,1520,1.0000,Sinopec
5197,1520,1.0000,Sinopec
5198,1520,1.0000,Sinopec
5200,1520,1.0000,Sinopec
5201,1520,1.0000,Sinopec
5203,1520,1.0000,Sinopec
5034,1520,0.3700,Sinopec
5226,1528,1.0000,SK
5229,1528,1.0000,SK
5045,1531,1.0000,Slavneft
5005,1531,1.0000,Slavneft
5072,1538,1.0000,Socar
5073,1538,1.0000,Socar
4850,1542,1.0000,Societe Africaine de Raffinage
4867,1547,1.0000,Societe Ivoirienne de Raffinage
4950,1558,1.0000,Sonangol Group
4948,1558,1.0000,Sonangol Group
15992,1558,0.2799,Sonangol Group
4923,1559,1.0000,Sonara
4907,1561,1.0000,Sonatrach
4875,1561,1.0000,Sonatrach
4905,1561,1.0000,Sonatrach
4887,1561,1.0000,Sonatrach
9622,1561,0.7000,Sonatrach
9617,1561,1.0000,Sonatrach
4940,1582,1.0000,St1 Energy
4834,1583,1.0000,Staatsolie Maatschappij Suriname N.V.
4932,1596,1.0000,Equinor
9682,1596,1.0000,Equinor
5039,1617,0.3700,Sumitomo Chemical
4780,1620,1.0000,Suncor
4802,1620,1.0000,Suncor
4675,1620,1.0000,Suncor
4656,1620,1.0000,Suncor
4767,1620,1.0000,Suncor
4797,1621,1.0000,Sunoco
4791,1621,1.0000,Sunoco
5016,1624,1.0000,Surgutneftegas
5029,1631,1.0000,Syrian Petroleum Company
9688,1636,1.0000,TAIF Group
5238,1638,1.0000,Taiyo Oil
4927,1642,1.0000,Tamoil
4906,1642,1.0000,Tamoil
9689,1651,1.0000,Tatneft
15968,1651,1.0000,Tatneft
4880,1667,1.0000,Tema Oil Refinery
5157,1677,1.0000,Thai Oil
4926,1683,1.0000,The Tunisian Company for Refining Industries
5251,1698,1.0000,TOA OIL
9695,1709,0.3700,Total
9696,1709,0.3600,Total
15994,1709,0.1000,Total
16005,1709,0.5000,Total
4924,1709,1.0000,Total
4916,1709,0.3333,Total
4918,1709,0.2500,Total
4942,1709,1.0000,Total
4945,1709,1.0000,Total
5070,1709,0.3333,Total
5081,1709,0.1000,Total
5080,1709,0.1000,Total
4881,1709,1.0000,Total
4884,1709,1.0000,Total
4886,1709,1.0000,Total
4896,1709,1.0000,Total
4889,1709,0.5000,Total
4899,1709,1.0000,Total
4903,1709,1.0000,Total
4876,1709,1.0000,Total
4872,1709,1.0000,Total
4730,1709,0.5000,Total
4722,1709,1.0000,Total
4748,1713,1.0000,Trafigura
15992,1713,0.4941,Trafigura
4638,1714,1.0000,TrailStone
5046,1742,1.0000,Tupras
5023,1742,1.0000,Tupras
5007,1742,1.0000,Tupras
4999,1742,1.0000,Tupras
5024,1743,0.3333,Turcas
5086,1745,1.0000,Turkmenistan State
5103,1745,1.0000,Turkmenistan State
5022,1747,1.0000,Ukrtatnafta
4987,1747,1.0000,Ukrtatnafta
4991,1747,1.0000,Ukrtatnafta
4640,1796,1.0000,Valero
4682,1796,1.0000,Valero
4690,1796,1.0000,Valero
4694,1796,1.0000,Valero
4695,1796,1.0000,Valero
4744,1796,1.0000,Valero
4747,1796,1.0000,Valero
4742,1796,1.0000,Valero
4719,1796,1.0000,Valero
4708,1796,1.0000,Valero
4717,1796,1.0000,Valero
4700,1796,1.0000,Valero
4865,1796,1.0000,Valero
4810,1796,1.0000,Valero
9702,1796,1.0000,Valero
9709,1796,1.0000,Valero
9664,1804,0.4500,Varo
4909,1804,1.0000,Varo
4892,1831,1.0000,Vitol
5099,1831,1.0000,Vitol
9627,1831,1.0000,Vitol
16102,1831,1.0000,Vitol
16004,1833,0.3334,Vopak
4789,1847,1.0000,Western Refining
4814,1872,1.0000,Yacimentos Petroliferos Bolivianos
4815,1872,1.0000,Yacimentos Petroliferos Bolivianos
4816,1872,1.0000,Yacimentos Petroliferos Bolivianos
4824,1872,0.7100,Yacimentos Petroliferos Bolivianos
4826,1872,1.0000,Yacimentos Petroliferos Bolivianos
4910,1872,1.0000,Yacimentos Petroliferos Bolivianos
4827,1873,0.5000,Yacimientos Petroliferos Fiscales
9718,1876,1.0000,Yemen Petroleum company
9660,2012,1.0000,Midor
7138,2093,1.0000,Neopetro
5122,2108,1.0000,Mangalore Refinery and Petrochemicals
4954,2113,1.0000,Unipetrol
4951,2113,1.0000,Unipetrol
16040,2140,1.0000,ChemChina Petrochemical
15979,2140,0.1960,ChemChina Petrochemical
16110,2140,1.0000,ChemChina Petrochemical
16093,2140,1.0000,ChemChina Petrochemical
16056,2140,1.0000,ChemChina Petrochemical
16051,2140,1.0000,ChemChina Petrochemical
16052,2140,1.0000,ChemChina Petrochemical
16138,2140,1.0000,ChemChina Petrochemical
16126,2140,1.0000,ChemChina Petrochemical
16112,2140,1.0000,ChemChina Petrochemical
16165,2140,1.0000,ChemChina Petrochemical
16160,2140,1.0000,ChemChina Petrochemical
16148,2140,1.0000,ChemChina Petrochemical
16149,2140,1.0000,ChemChina Petrochemical
4829,2216,0.5000,AkzoNobel
16098,2234,1.0000,Inpex
16172,2269,1.0000,Petroplus
4731,2353,1.0000,Andeavor
4681,2353,1.0000,Andeavor
4686,2353,1.0000,Andeavor
4671,2353,1.0000,Andeavor
4669,2353,1.0000,Andeavor
4661,2353,1.0000,Andeavor
4635,2353,1.0000,Andeavor
4626,2353,1.0000,Andeavor
4651,2353,1.0000,Andeavor
4642,2353,1.0000,Andeavor
4649,2353,1.0000,Andeavor
9675,2411,1.0000,Aktobe Refinery
9616,2412,0.8500,ARMO
4824,2413,0.2800,Axion Energy Argentina SA
5105,2413,1.0000,Axion Energy Argentina SA
5027,2414,1.0000,Banias Refining
4691,2415,1.0000,Blue Dolphin Energy
9634,2417,0.4000,Chadian Ministry of Petroleum
9623,2418,1.0000,DAPSA
9629,2419,1.0000,Dax Oil
9658,2420,1.0000,Falcondo
4678,2421,1.0000,Federated Co-operatives Limited
4693,2422,1.0000,Flint Hills
4729,2422,1.0000,Flint Hills
5102,2423,1.0000,ForteInvest
9613,2424,1.0000,Ghazanfar Group
9633,2425,1.0000,Gibson Energy
9710,2426,1.0000,Goodway Refining
9616,2427,0.1500,Government of Albania
5010,2428,0.5000,Government of Sudan
9684,2430,1.0000,Ilsky Refinery
5004,2431,1.0000,Indeni Petroleum Refinery
9626,2432,1.0000,IOR
4836,2433,1.0000,Ipiranga
4623,2434,1.0000,Island Energy
9612,2435,1.0000,Kam International
9678,2437,1.0000,KBC
5241,2438,1.0000,Khabarovsk
5017,2439,0.5000,Khartoum Refinery
9676,2440,1.0000,Kyrgyzneft
5037,2444,1.0000,NefteGazIndustriya
5109,2445,1.0000,National Refinery Limited
4624,2446,1.0000,Oil Combustibles S.A.
4819,2448,1.0000,Oro Negro
4828,2450,1.0000,Pampa Energia
4962,2452,1.0000,Paramo
9707,2453,1.0000,Petromax
16122,2453,1.0000,Petromax
4781,2456,1.0000,Red Apple Group
4846,2457,1.0000,Refinaria de Petroleos de Manguinhos
4861,2458,1.0000,SAMIR
9683,2460,1.0000,Steaua Romana
9631,2461,1.0000,Univen Petroleo
9711,2462,1.0000,Uzbekneftegaz
9712,2462,1.0000,Uzbekneftegaz
9713,2462,1.0000,Uzbekneftegaz
4652,2464,1.0000,World Oil
9628,2466,1.0000,Zarubezhneft
9677,2467,1.0000,Zhongda
15965,3663,1.0000,Noble Group
15952,3663,1.0000,Noble Group
16062,4689,1.0000,Gulf Petrochemical Industries Company
15956,4740,1.0000,Slavyansk Eko
16054,4936,1.0000,Baota Petrochemical Group
16095,4936,1.0000,Baota Petrochemical Group
16105,4936,1.0000,Baota Petrochemical Group
16116,4936,1.0000,Baota Petrochemical Group
16145,4936,1.0000,Baota Petrochemical Group
16163,4937,1.0000,Blue Star Daqing Petroleum
16059,4938,1.0000,California Resources Corporation
16078,4939,0.0475,Chengdu Road & Bridge Engineering
16055,4940,1.0000,China North Industries Corporation
16164,4941,1.0000,Dalian Haichang Group
16060,4942,1.0000,DNO ASA
15962,4943,0.0178,Dome Energy
16050,4944,1.0000,Dongying Hualian Petroleum & Chemical Plant
16089,4945,1.0000,Dongying Qirun Chemical
16000,4946,1.0000,Ecomar Energy Solutions
16004,4947,0.3333,Greenergy International
16049,4948,1.0000,Guangdong Tianyi Group
16071,4949,1.0000,Guangzhou Huahong Oil
16069,4950,0.4900,Haike Chemical Group
16100,4951,1.0000,HCS Group
16162,4952,1.0000,Hengli Petrochemical
16069,4954,0.2550,Jindayuan Real Estate
15988,4955,1.0000,Jukonoil
16177,4956,1.0000,KAT Group
16170,4957,1.0000,Khasan
16127,4957,1.0000,Khasan
16147,4958,0.8800,Li & Fung
16053,4959,1.0000,Liaozhong County Refinery
16103,4960,1.0000,Lihuayi Group
16118,4961,1.0000,Naftogaz of Ukraine
16006,4962,1.0000,Niger Delta Petroleum Resources
16184,4963,0.3000,Nile Petroleum
16185,4964,1.0000,Pars Behin Playeshe Nafte Qeshm
16001,4965,1.0000,Pelican Refining
15982,4966,1.0000,Penglai Anbang Petrochemical
15953,4967,1.0000,PetroNeft Resources
16180,4968,1.0000,Piroozi Oil and Gas Refinery
15987,4969,1.0000,Platon Gas Oil Ghana
16119,4970,1.0000,PT Tri Wahana Universal
16168,4971,1.0000,Qianhai Petroleum & Chemical Group
16137,4972,1.0000,Qinhuangdao PetroChina Petrochemical
16182,4973,1.0000,RTS Oil
16090,4974,1.0000,Ruifeng Petroleum Chemical Holdings
16184,4975,0.7000,Safinat Group
15995,4976,1.0000,Saigon Petro
16188,4977,1.0000,San Joaquin Refining
16107,4978,1.0000,Shaanxi Yanchang Petroleum
16048,4979,1.0000,Shandong Chambroad Petrochemicals
16037,4980,1.0000,Shandong Chengda New Energy Technology
16167,4981,1.0000,Shandong Dongfang Hualong Industry and Trading
16132,4982,1.0000,Shandong Donghao Petrochemical
16139,4983,1.0000,Shandong Dongming Petrochemical Group
16077,4983,1.0000,Shandong Dongming Petrochemical Group
16134,4984,1.0000,Shandong Hengyuan Petrochemical
16044,4985,1.0000,Shandong Jincheng Petrochemical Group
16068,4986,1.0000,Shandong Jingbo Petrochemical
16143,4987,1.0000,Shandong Qingyuan Petrochemical
15978,4988,1.0000,Shandong Shenchi Chemical
16067,4989,1.0000,Shandong Shengkai Petrochemical
16140,4989,1.0000,Shandong Shengkai Petrochemical
16131,4989,1.0000,Shandong Shengkai Petrochemical
16097,4990,1.0000,Shandong Shida Technology Group
16094,4991,1.0000,Shandong Wantong Petrochemical Group
16073,4991,1.0000,Shandong Wantong Petrochemical Group
16063,4992,1.0000,Shandong Yuhuang Chemical
16108,4992,1.0000,Shandong Yuhuang Chemical
16079,4993,1.0000,Shouguang Lianmeng Petrochemical
16078,4994,0.0665,Sichuan Road & Bridge
15980,4995,1.0000,Sichuan Shengma Chemical Industry Stock
16045,4995,1.0000,Sichuan Shengma Chemical Industry Stock
16175,4996,1.0000,South Refineries
15985,4997,1.0000,Targa Resources
16081,4998,1.0000,Unity Strength
15966,4999,0.9716,Urals Energy PCL
15970,4999,1.0000,Urals Energy PCL
15957,5000,1.0000,VPK-Oil
16002,5001,1.0000,World Energy LLC
16069,5002,0.2550,Xindu Group
16181,5003,1.0000,Xinjiang International Industry
16066,5004,1.0000,Blue-star Petrochemical
16085,5005,1.0000,Changchun Xinda Petroleum Group
16065,5006,1.0000,Changle Huarong Industry and Trade
16078,5007,0.8360,China Offshore Oil & Gas Development & Utilization
16047,5007,0.6700,China Offshore Oil & Gas Development & Utilization
16158,5008,1.0000,Daqing Lianyi Petrochemical
16153,5009,1.0000,Dongguan Yelian Petrochemical
16141,5010,1.0000,Foshan Sanshui Futeng Asphalt
16087,5011,1.0000,Foshan Sanshui Haishengda Road Material
15961,5012,1.0000,Gaetano LLC
16133,5013,1.0000,Gaoqing Hongyuan Petrochemical
15984,5014,1.0000,Guangzhou Jiasheng Asphalt
16146,5015,1.0000,CNOOC Hainan Gas
16075,5016,1.0000,Hangzhou Xinya Petrochemical
16117,5017,0.2000,HBOil
16161,5018,1.0000,Hebei Dagang PetroChemical
16130,5019,1.0000,Hebei Jinrui Petroleum & Chemical
16092,5020,1.0000,Hebei Refinery Huayou Paraffin
16113,5021,1.0000,Hebei Refinery Huayu Bitumen Products
16154,5022,1.0000,Hebei Xinquan Petroleum & Chemical
16083,5023,1.0000,Henan Beili Petrochemical Holding
16159,5024,1.0000,Hong Kong Bora Holdings
16091,5025,1.0000,Jieyang Kangda Chemical Industry
16064,5026,1.0000,Jinao (Hubei) Science & Technology Chemical Industry
16157,5027,1.0000,Jinhai Hongye (Zhenjiang) Petrochemical
16070,5028,1.0000,Jiyang Guangyuanfa Asphalt
15959,5029,1.0000,Kondinsky Refinery
16046,5030,1.0000,Liaoning Deying PetroChemical Group
16043,5031,1.0000,Liaoning Huayou Petrochemical
16114,5032,1.0000,Lingang Huarun Asphalt
16106,5033,1.0000,Mingyuan Chemical
16125,5034,1.0000,Naftrason
16179,5035,1.0000,North Refineries
16176,5035,1.0000,North Refineries
16186,5036,1.0000,Oil & Gas Development
16151,5037,1.0000,Panjin Hongye Group
16080,5038,1.0000,Panjin Liaotong Chemical
16109,5039,1.0000,Panjin Taipinghe Asphalt
16074,5040,1.0000,Panjin Xingda Group
16111,5041,1.0000,Panlong Petrochemical
16076,5042,1.0000,PetroChina Jiangsu Xingneng Asphalt
15977,5043,1.0000,Qihua Group
16152,5044,1.0000,Qinhuangdao Yuandong Petroleum Refinery
16072,5045,1.0000,Shaanxi Shuangyi Petrochemical
16041,5046,1.0000,Shandong Binhua Group
16042,5047,1.0000,Shandong Haiyou Petrochemical Group
16155,5048,1.0000,Shandong Hi-Tech Chemical Group
16039,5049,1.0000,Shandong Huifeng Petroleum & Chemical Group
16104,5050,1.0000,Shandong Tianhong Energy Chemical
16144,5051,0.6700,Shanghai Chemical Industry Group
15981,5052,1.0000,Shengyang Jingfa Bitumen
16115,5053,1.0000,Shenxian Huaxiang Petrochemical
16047,5054,0.3300,Taizhou Dongtai PetroChemical
15962,5055,0.9822,Tomsk Refining
15969,5056,1.0000,Volkhov-Eko
16096,5057,1.0000,Wudi Xinyue Chemical
15983,5058,1.0000,Yanbian Lian Petrochemical
16142,5059,1.0000,Yancheng Lianfu PetroChemical
16082,5060,1.0000,Yingchang Heavy Road Asphalt
