GeoAssetID,OwnerCompanyID,Percentage,CompanyName,Alias
5085,9,1,Abu Dubai Oil Refining Company,FALSE
5090,9,1,Abu Dubai Oil Refining Company,FALSE
5054,18,1,Aden Refinery Company,FALSE
9675,2411,1,Aktobe Refinery,FALSE
4829,2216,0.5,AkzoNobel,FALSE
4703,46,1,Alcoa,FALSE
4860,46,1,Alcoa,FALSE
4943,54,1,Alma Petroli,FALSE
4644,58,1,Alon USA,FALSE
4783,73,1,American Refining Group,FALSE
4833,78,1,ANCAP,FALSE
4731,2353,1,Andeavor,FALSE
4681,2353,1,Andeavor,FALSE
4686,2353,1,Andeavor,FALSE
4671,2353,1,Andeavor,FALSE
4669,2353,1,Andeavor,FALSE
4661,2353,1,Andeavor,FALSE
4635,2353,1,Andeavor,FALSE
4626,2353,1,Andeavor,FALSE
4651,2353,1,Andeavor,FALSE
4642,2353,1,Andeavor,FALSE
4649,2353,1,Andeavor,FALSE
4949,91,1,Api Anonima Petroli Italiana SpA,FALSE
4916,94,0.3333,Aquitane,FALSE
9694,1436,1,Aramco Trading Company,FALSE
9695,1436,0.63,Aramco Trading Company,FALSE
5230,1436,0.5,Aramco Trading Company,FALSE
15999,1436,0.5,Aramco Trading Company,FALSE
16187,1436,1,Aramco Trading Company,FALSE
5058,1436,1,Aramco Trading Company,FALSE
5041,1436,1,Aramco Trading Company,FALSE
5039,1436,0.37,Aramco Trading Company,FALSE
5036,1436,0.5,Aramco Trading Company,FALSE
5033,1436,0.5,Aramco Trading Company,FALSE
5034,1436,0.62,Aramco Trading Company,FALSE
5070,1436,0.3333,Aramco Trading Company,FALSE
5075,1436,1,Aramco Trading Company,FALSE
9616,2412,0.85,ARMO,FALSE
5118,127,1,Attock Refinery,FALSE
4794,139,1,Axeon SP,FALSE
4824,2413,0.28,Axion Energy Argentina SA,FALSE
5105,2413,1,Axion Energy Argentina SA,FALSE
5076,143,1,Bahrain Petroleum,FALSE
5156,148,1,Bangchak Petroleum,FALSE
5149,150,1,Bangladesh Petroleum Corporation,FALSE
5027,2414,1,Banias Refining,FALSE
16054,4936,1,Baota Petrochemical Group,FALSE
16095,4936,1,Baota Petrochemical Group,FALSE
16105,4936,1,Baota Petrochemical Group,FALSE
16116,4936,1,Baota Petrochemical Group,FALSE
16145,4936,1,Baota Petrochemical Group,FALSE
5095,158,1,Bashneft,FALSE
5096,158,1,Bashneft,FALSE
5097,158,1,Bashneft,FALSE
5026,1141,1,Bazan Group,FALSE
5128,180,1,Bharat Oman Refineries,FALSE
5132,181,1,Bharat Petroleum,FALSE
9731,181,1,Bharat Petroleum,FALSE
4659,185,1,Big West Oil,FALSE
4691,2415,1,Blue Dolphin Energy,FALSE
16163,4937,1,Blue Star Daqing Petroleum,FALSE
16066,5004,1,Blue-star Petrochemical,FALSE
5104,204,1,Bosicor Pakistan,FALSE
5107,204,1,Bosicor Pakistan,FALSE
5192,209,1,BP,FALSE
4913,209,1,BP,FALSE
5013,209,0.5,BP,FALSE
5024,209,0.3333,BP,FALSE
4632,209,1,BP,FALSE
4627,209,1,BP,FALSE
4758,209,1,BP,FALSE
4763,209,0.5,BP,FALSE
4878,209,1,BP,FALSE
4890,209,1,BP,FALSE
4911,209,1,BP,FALSE
5264,209,1,BP,FALSE
9704,221,1,Buckeye Partners,FALSE
4799,221,1,Buckeye Partners,FALSE
4727,231,1,Calcasieu Refining Company,FALSE
16059,4938,1,California Resources Corporation,FALSE
5265,236,1,Caltex Australia,FALSE
4723,237,1,Calumet,FALSE
4724,237,1,Calumet,FALSE
4725,237,1,Calumet,FALSE
4734,237,1,Calumet,FALSE
4663,237,1,Calumet,FALSE
4689,237,1,Calumet,FALSE
4796,249,1,Carlyle Group,FALSE
4684,260,0.5,Cenovus,FALSE
4743,260,0.5,Cenovus,FALSE
4852,266,1,Cepsa,FALSE
4862,266,1,Cepsa,FALSE
4863,266,1,Cepsa,FALSE
4864,266,1,Cepsa,FALSE
15989,266,0.5,Cepsa,FALSE
5131,267,1,Ceylon Petroleum Corporation,FALSE
9634,2417,0.4,Chadian Ministry of Petroleum,FALSE
16085,5005,1,Changchun Xinda Petroleum Group,FALSE
16065,5006,1,Changle Huarong Industry and Trade,FALSE
16040,2140,1,ChemChina Petrochemical,FALSE
15979,2140,0.196,ChemChina Petrochemical,FALSE
16110,2140,1,ChemChina Petrochemical,FALSE
16093,2140,1,ChemChina Petrochemical,FALSE
16056,2140,1,ChemChina Petrochemical,FALSE
16051,2140,1,ChemChina Petrochemical,FALSE
16052,2140,1,ChemChina Petrochemical,FALSE
16138,2140,1,ChemChina Petrochemical,FALSE
16126,2140,1,ChemChina Petrochemical,FALSE
16112,2140,1,ChemChina Petrochemical,FALSE
16165,2140,1,ChemChina Petrochemical,FALSE
16160,2140,1,ChemChina Petrochemical,FALSE
16148,2140,1,ChemChina Petrochemical,FALSE
16149,2140,1,ChemChina Petrochemical,FALSE
16078,4939,0.0475,Chengdu Road & Bridge Engineering,FALSE
5134,280,1,Chennai Petroleum Corporation,FALSE
5130,280,1,Chennai Petroleum Corporation,FALSE
5159,281,0.64,ChevTex,FALSE
5199,281,1,ChevTex,FALSE
4750,281,1,ChevTex,FALSE
4754,281,1,ChevTex,FALSE
4730,281,0.11,ChevTex,FALSE
4658,281,1,ChevTex,FALSE
4631,281,1,ChevTex,FALSE
4637,281,1,ChevTex,FALSE
4646,281,1,ChevTex,FALSE
9716,281,0.3,ChevTex,FALSE
5159,281,0.64,Chevron,TRUE
5199,281,1,Chevron,TRUE
4750,281,1,Chevron,TRUE
4754,281,1,Chevron,TRUE
4730,281,0.11,Chevron,TRUE
4658,281,1,Chevron,TRUE
4631,281,1,Chevron,TRUE
4637,281,1,Chevron,TRUE
4646,281,1,Chevron,TRUE
9716,281,0.3,Chevron,TRUE
16055,4940,1,China North Industries Corporation,FALSE
16078,5007,0.836,China Offshore Oil & Gas Development & Utilization,FALSE
16047,5007,0.67,China Offshore Oil & Gas Development & Utilization,FALSE
4666,297,1,CHS,FALSE
4692,297,1,CHS,FALSE
4726,304,1,Citgo,FALSE
4697,304,1,Citgo,FALSE
4753,304,1,Citgo,FALSE
4772,304,1,Citgo,FALSE
4813,304,1,Citgo,FALSE
5191,312,1,CNOOC,FALSE
9652,312,1,CNOOC,FALSE
9655,312,1,CNOOC,FALSE
9720,312,1,CNOOC,FALSE
15979,312,0.51,CNOOC,FALSE
16128,312,1,CNOOC,FALSE
16135,312,1,CNOOC,FALSE
16144,312,0.33,CNOOC,FALSE
16146,5015,1,CNOOC Hainan Gas,FALSE
16136,313,1,CNPC,FALSE
16147,313,0.12,CNPC,FALSE
16150,313,1,CNPC,FALSE
16156,313,1,CNPC,FALSE
16166,313,1,CNPC,FALSE
16169,313,1,CNPC,FALSE
16038,313,1,CNPC,FALSE
16084,313,1,CNPC,FALSE
16088,313,1,CNPC,FALSE
9634,313,0.6,CNPC,FALSE
9622,313,0.3,CNPC,FALSE
5020,313,1,CNPC,FALSE
5017,313,0.5,CNPC,FALSE
5010,313,0.5,CNPC,FALSE
5031,313,0.5,CNPC,FALSE
4917,313,1,CNPC,FALSE
4885,320,1,Colas Group,FALSE
4859,335,1,ConocoPhillips,FALSE
4760,342,1,Continental Refining,FALSE
4938,347,1,CORAF,FALSE
5081,357,0.02,Cosmo Oil,FALSE
5245,357,1,Cosmo Oil,FALSE
5256,357,1,Cosmo Oil,FALSE
5240,357,1,Cosmo Oil,FALSE
5247,357,1,Cosmo Oil,FALSE
15994,357,0.02,Cosmo Oil,FALSE
4755,358,1,Countrymark,FALSE
5204,360,1,CPC Corp Taiwan,FALSE
5207,360,1,CPC Corp Taiwan,FALSE
5208,360,1,CPC Corp Taiwan,FALSE
5215,360,1,CPC Corp Taiwan,FALSE
4732,363,1,Cross Oil,FALSE
4769,369,1,Cuba-Petroleo Company,FALSE
4838,369,1,Cuba-Petroleo Company,FALSE
5121,369,0.5,Cuba-Petroleo Company,FALSE
9657,369,1,Cuba-Petroleo Company,FALSE
4699,373,1,CVR Energy,FALSE
4706,373,1,CVR Energy,FALSE
16164,4941,1,Dalian Haichang Group,FALSE
9623,2418,1,DAPSA,FALSE
16158,5008,1,Daqing Lianyi Petrochemical,FALSE
9629,2419,1,Dax Oil,FALSE
4707,395,1,Delek,FALSE
4683,395,1,Delek,FALSE
4733,395,1,Delek,FALSE
4735,395,1,Delek,FALSE
4653,395,1,Delek,FALSE
16060,4942,1,DNO ASA,FALSE
15962,4943,0.0178,Dome Energy,FALSE
16153,5009,1,Dongguan Yelian Petrochemical,FALSE
16050,4944,1,Dongying Hualian Petroleum & Chemical Plant,FALSE
16089,4945,1,Dongying Qirun Chemical,FALSE
16000,4946,1,Ecomar Energy Solutions,FALSE
4806,449,1,Ecopetrol,FALSE
4811,449,1,Ecopetrol,FALSE
4786,449,1,Ecopetrol,FALSE
4801,449,1,Ecopetrol,FALSE
4803,449,1,Ecopetrol,FALSE
16121,449,1,Ecopetrol,FALSE
9659,456,1,EGPC,FALSE
5008,456,1,EGPC,FALSE
5009,456,1,EGPC,FALSE
5015,456,1,EGPC,FALSE
5012,456,1,EGPC,FALSE
5021,456,1,EGPC,FALSE
5018,456,1,EGPC,FALSE
5019,456,1,EGPC,FALSE
7246,472,1,Emirates National Oil,FALSE
4812,475,1,Empresa Nacional del Petroleo,FALSE
4809,475,1,Empresa Nacional del Petroleo,FALSE
4805,475,1,Empresa Nacional del Petroleo,FALSE
5108,479,1,ENAR Petrotech Services,FALSE
4930,491,1,ENI,FALSE
4952,491,0.08,ENI,FALSE
4944,491,1,ENI,FALSE
4919,491,1,ENI,FALSE
4953,491,1,ENI,FALSE
4961,491,0.5,ENI,FALSE
4966,491,1,ENI,FALSE
9664,491,0.2,ENI,FALSE
4932,1596,1,Equinor,FALSE
9682,1596,1,Equinor,FALSE
16078,506,0.05,Ergon,FALSE
4777,506,1,Ergon,FALSE
4738,506,1,Ergon,FALSE
5080,529,0.1,ExxonMobil,FALSE
5169,529,1,ExxonMobil,FALSE
4956,529,1,ExxonMobil,FALSE
4918,529,0.74,ExxonMobil,FALSE
4931,529,1,ExxonMobil,FALSE
5033,529,0.5,ExxonMobil,FALSE
5036,529,0.5,ExxonMobil,FALSE
4873,529,1,ExxonMobil,FALSE
4882,529,1,ExxonMobil,FALSE
4895,529,1,ExxonMobil,FALSE
4915,529,0.25,ExxonMobil,FALSE
4900,529,1,ExxonMobil,FALSE
4897,529,1,ExxonMobil,FALSE
4737,529,1,ExxonMobil,FALSE
4751,529,1,ExxonMobil,FALSE
4730,529,0.14,ExxonMobil,FALSE
4718,529,1,ExxonMobil,FALSE
4714,529,1,ExxonMobil,FALSE
4668,529,1,ExxonMobil,FALSE
9698,529,1,ExxonMobil,FALSE
5261,529,1,ExxonMobil,FALSE
5080,529,0.1,Exxon,TRUE
5169,529,1,Exxon,TRUE
4956,529,1,Exxon,TRUE
4918,529,0.74,Exxon,TRUE
4931,529,1,Exxon,TRUE
5033,529,0.5,Exxon,TRUE
5036,529,0.5,Exxon,TRUE
4873,529,1,Exxon,TRUE
4882,529,1,Exxon,TRUE
4895,529,1,Exxon,TRUE
4915,529,0.25,Exxon,TRUE
4900,529,1,Exxon,TRUE
4897,529,1,Exxon,TRUE
4737,529,1,Exxon,TRUE
4751,529,1,Exxon,TRUE
4730,529,0.14,Exxon,TRUE
4718,529,1,Exxon,TRUE
4714,529,1,Exxon,TRUE
4668,529,1,Exxon,TRUE
9698,529,1,Exxon,TRUE
5261,529,1,Exxon,TRUE
9658,2420,1,Falcondo,FALSE
4678,2421,1,Federated Co-operatives Limited,FALSE
4693,2422,1,Flint Hills,FALSE
4729,2422,1,Flint Hills,FALSE
4654,550,1,Foreland Refining,FALSE
5205,551,1,Formosa Plastics,FALSE
5102,2423,1,ForteInvest,FALSE
16141,5010,1,Foshan Sanshui Futeng Asphalt,FALSE
16087,5011,1,Foshan Sanshui Haishengda Road Material,FALSE
5253,561,1,Fuji Oil Company,FALSE
15961,5012,1,Gaetano LLC,FALSE
4854,566,1,Galp Energia,FALSE
4855,566,1,Galp Energia,FALSE
16133,5013,1,Gaoqing Hongyuan Petrochemical,FALSE
5062,570,1,Gazprom,FALSE
5117,570,1,Gazprom,FALSE
5120,570,1,Gazprom,FALSE
5093,570,1,Gazprom,FALSE
5032,570,1,Gazprom,FALSE
4977,570,1,Gazprom,FALSE
4978,570,1,Gazprom,FALSE
15967,570,0.5,Gazprom,FALSE
9613,2424,1,Ghazanfar Group,FALSE
9633,2425,1,Gibson Energy,FALSE
4969,585,0.75,Glencore,FALSE
9710,2426,1,Goodway Refining,FALSE
9616,2427,0.15,Government of Albania,FALSE
5010,2428,0.5,Government of Sudan,FALSE
16004,4947,0.3333,Greenergy International,FALSE
4643,615,1,Greka Energy,FALSE
4971,618,1,Grupa Lotos,FALSE
5227,624,1,GS Caltex,FALSE
5212,626,1,Guan Sheng GroupÂ ,FALSE
16049,4948,1,Guangdong Tianyi Group,FALSE
16071,4949,1,Guangzhou Huahong Oil,FALSE
15984,5014,1,Guangzhou Jiasheng Asphalt,FALSE
16062,4689,1,Gulf Petrochemical Industries Company,FALSE
4935,641,1,Gunvor,FALSE
4893,641,1,Gunvor,FALSE
4928,642,1,H & R Group,FALSE
16101,642,1,H & R Group,FALSE
16069,4950,0.49,Haike Chemical Group,FALSE
16075,5016,1,Hangzhou Xinya Petrochemical,FALSE
5230,647,0.5,Hanjin,FALSE
16005,654,0.5,Hanwha,FALSE
16117,5017,0.2,HBOil,FALSE
16100,4951,1,HCS Group,FALSE
16161,5018,1,Hebei Dagang PetroChemical,FALSE
16130,5019,1,Hebei Jinrui Petroleum & Chemical,FALSE
16092,5020,1,Hebei Refinery Huayou Paraffin,FALSE
16113,5021,1,Hebei Refinery Huayu Bitumen Products,FALSE
16154,5022,1,Hebei Xinquan Petroleum & Chemical,FALSE
4981,660,1,Hellenic Petroleum,FALSE
4985,660,1,Hellenic Petroleum,FALSE
4988,660,1,Hellenic Petroleum,FALSE
4989,660,1,Hellenic Petroleum,FALSE
16083,5023,1,Henan Beili Petrochemical Holding,FALSE
16162,4952,1,Hengli Petrochemical,FALSE
16003,665,1,Hess,FALSE
5115,670,1,Hindustan Petroleum,FALSE
5137,670,1,Hindustan Petroleum,FALSE
4677,677,1,HollyFrontier,FALSE
4662,677,1,HollyFrontier,FALSE
4679,677,1,HollyFrontier,FALSE
4704,677,1,HollyFrontier,FALSE
4702,677,1,HollyFrontier,FALSE
16159,5024,1,Hong Kong Bora Holdings,FALSE
5123,684,1,HPCL-Mittal Energy Limited,FALSE
4757,689,1,Hunt Oil,FALSE
4749,689,1,Hunt Oil,FALSE
4761,691,1,Husky Energy,FALSE
4763,691,0.5,Husky Energy,FALSE
4665,691,1,Husky Energy,FALSE
4633,691,1,Husky Energy,FALSE
5224,695,1,Hyundai Oilbank,FALSE
5248,701,1,Idemitsu,FALSE
5236,701,1,Idemitsu,FALSE
5254,701,1,Idemitsu,FALSE
5259,701,1,Idemitsu,FALSE
15994,701,0.02,Idemitsu,FALSE
9684,2430,1,Ilsky Refinery,FALSE
4655,708,1,Imperial Oil,FALSE
4768,708,1,Imperial Oil,FALSE
4778,708,1,Imperial Oil,FALSE
4825,708,1,Imperial Oil,FALSE
4963,712,1,INA,FALSE
4955,712,1,INA,FALSE
5004,2431,1,Indeni Petroleum Refinery,FALSE
5125,718,1,Indian Oil,FALSE
5127,718,1,Indian Oil,FALSE
5119,718,1,Indian Oil,FALSE
5147,718,1,Indian Oil,FALSE
5148,718,1,Indian Oil,FALSE
5142,718,1,Indian Oil,FALSE
5143,718,1,Indian Oil,FALSE
5145,718,1,Indian Oil,FALSE
5153,718,1,Indian Oil,FALSE
4901,721,1,Ineos,FALSE
4868,721,0.5,Ineos,FALSE
16098,2234,1,Inpex,FALSE
9626,2432,1,IOR,FALSE
4836,2433,1,Ipiranga,FALSE
4920,750,1,Iplom,FALSE
5055,755,1,Iraq National Oil Company,FALSE
5051,755,1,Iraq National Oil Company,FALSE
5052,755,1,Iraq National Oil Company,FALSE
5047,755,1,Iraq National Oil Company,FALSE
5061,755,1,Iraq National Oil Company,FALSE
9719,755,1,Iraq National Oil Company,FALSE
9668,755,1,Iraq National Oil Company,FALSE
9669,755,1,Iraq National Oil Company,FALSE
9670,755,1,Iraq National Oil Company,FALSE
9671,755,1,Iraq National Oil Company,FALSE
9672,755,1,Iraq National Oil Company,FALSE
9673,755,1,Iraq National Oil Company,FALSE
5162,757,1,IRPC,FALSE
4817,758,1,Irving,FALSE
4623,2434,1,Island Energy,FALSE
16091,5025,1,Jieyang Kangda Chemical Industry,FALSE
16064,5026,1,Jinao (Hubei) Science & Technology Chemical Industry,FALSE
16069,4954,0.255,Jindayuan Real Estate,FALSE
16157,5027,1,Jinhai Hongye (Zhenjiang) Petrochemical,FALSE
16070,5028,1,Jiyang Guangyuanfa Asphalt,FALSE
5028,788,1,Jordan Petroleum Refinery,FALSE
15988,4955,1,Jukonoil,FALSE
5257,793,1,JX Nippon Oil,FALSE
5258,793,1,JX Nippon Oil,FALSE
5255,793,1,JX Nippon Oil,FALSE
5252,793,1,JX Nippon Oil,FALSE
5237,793,1,JX Nippon Oil,FALSE
5235,793,1,JX Nippon Oil,FALSE
5250,793,1,JX Nippon Oil,FALSE
5242,793,1,JX Nippon Oil,FALSE
5239,793,1,JX Nippon Oil,FALSE
5244,793,1,JX Nippon Oil,FALSE
15986,793,1,JX Nippon Oil,FALSE
9612,2435,1,Kam International,FALSE
16177,4956,1,KAT Group,FALSE
9678,2437,1,KBC,FALSE
4645,814,1,Kern Oil & Refining,FALSE
5241,2438,1,Khabarovsk,FALSE
5017,2439,0.5,Khartoum Refinery,FALSE
16170,4957,1,Khasan,FALSE
16127,4957,1,Khasan,FALSE
9703,818,1,Kinder Morgan,FALSE
4922,822,1,Klesch,FALSE
4835,823,1,KNOC,FALSE
4698,829,1,Koch,FALSE
16057,829,1,Koch,FALSE
15959,5029,1,Kondinsky Refinery,FALSE
4891,840,1,Kuwait Petroleum,FALSE
4961,840,0.5,Kuwait Petroleum,FALSE
5063,840,1,Kuwait Petroleum,FALSE
5064,840,1,Kuwait Petroleum,FALSE
5065,840,1,Kuwait Petroleum,FALSE
9676,2440,1,Kyrgyzneft,FALSE
16147,4958,0.88,Li & Fung,FALSE
16046,5030,1,Liaoning Deying PetroChemical Group,FALSE
16043,5031,1,Liaoning Huayou Petrochemical,FALSE
16053,4959,1,Liaozhong County Refinery,FALSE
16103,4960,1,Lihuayi Group,FALSE
16114,5032,1,Lingang Huarun Asphalt,FALSE
5098,891,1,Lukoil,FALSE
5089,891,1,Lukoil,FALSE
4957,891,1,Lukoil,FALSE
4959,891,1,Lukoil,FALSE
4960,891,1,Lukoil,FALSE
5050,891,1,Lukoil,FALSE
5053,891,1,Lukoil,FALSE
5011,891,1,Lukoil,FALSE
4992,891,1,Lukoil,FALSE
5000,891,1,Lukoil,FALSE
4889,891,0.5,Lukoil,FALSE
9692,891,1,Lukoil,FALSE
9693,891,1,Lukoil,FALSE
16173,897,1,Lyondellbasell,FALSE
4709,897,1,Lyondellbasell,FALSE
16173,897,1,Lyondell,TRUE
4709,897,1,Lyondell,TRUE
9706,906,1,Magellan Midstream Partners,FALSE
5122,2108,1,Mangalore Refinery and Petrochemicals,FALSE
4798,914,1,Maple Energy,FALSE
4715,919,1,Marathon Petroleum,FALSE
4716,919,1,Marathon Petroleum,FALSE
4770,919,1,Marathon Petroleum,FALSE
4764,919,1,Marathon Petroleum,FALSE
4765,919,1,Marathon Petroleum,FALSE
4756,919,1,Marathon Petroleum,FALSE
4740,919,1,Marathon Petroleum,FALSE
15994,932,0.01,Marubeni,FALSE
9660,2012,1,Midor,FALSE
16106,5033,1,Mingyuan Chemical,FALSE
5031,964,0.5,Ministry of Energy and Mining of Sudan,FALSE
15994,970,0.01,Mitsui,FALSE
16174,980,1,MOL,FALSE
4965,980,1,MOL,FALSE
4972,980,1,MOL,FALSE
4792,985,1,Monroe Energy,FALSE
4741,992,1,Motiva,FALSE
4739,992,1,Motiva,FALSE
4720,992,1,Motiva,FALSE
4986,993,1,Motor Oil Hellas,FALSE
5151,1005,1,Myanmar Petrochemical Enterprise,FALSE
5152,1005,1,Myanmar Petrochemical Enterprise,FALSE
9679,1005,1,Myanmar Petrochemical Enterprise,FALSE
5002,1007,1,Naftan,FALSE
16118,4961,1,Naftogaz of Ukraine,FALSE
16125,5034,1,Naftrason,FALSE
5057,1025,1,National Iranian Oil,FALSE
5059,1025,1,National Iranian Oil,FALSE
5094,1025,1,National Iranian Oil,FALSE
5066,1025,1,National Iranian Oil,FALSE
5069,1025,1,National Iranian Oil,FALSE
5077,1025,1,National Iranian Oil,FALSE
5078,1025,1,National Iranian Oil,FALSE
5084,1025,1,National Iranian Oil,FALSE
5087,1025,1,National Iranian Oil,FALSE
15996,1025,0.179,National Iranian Oil,FALSE
15993,1025,1,National Iranian Oil,FALSE
4990,1026,1,National Oil Corporation,FALSE
4975,1026,1,National Oil Corporation,FALSE
4970,1026,1,National Oil Corporation,FALSE
4980,1026,1,National Oil Corporation,FALSE
4946,1026,1,National Oil Corporation,FALSE
5109,2445,1,National Refinery Limited,FALSE
4871,510,1,Nayara,FALSE
5112,510,1,Nayara,FALSE
5037,2444,1,NefteGazIndustriya,FALSE
7138,2093,1,Neopetro,FALSE
4983,1047,1,Neste,FALSE
4993,1047,1,Neste,FALSE
15990,1047,0.25,Neste,FALSE
9685,1054,1,New Stream Group,FALSE
5106,1054,1,New Stream Group,FALSE
4829,1062,0.5,Nidera Argentina SA,FALSE
16006,4962,1,Niger Delta Petroleum Resources,FALSE
4904,1067,1,Nigerian National Petroleum,FALSE
4912,1067,1,Nigerian National Petroleum,FALSE
4914,1067,1,Nigerian National Petroleum,FALSE
16184,4963,0.3,Nile Petroleum,FALSE
15965,3663,1,Noble Group,FALSE
15952,3663,1,Noble Group,FALSE
16179,5035,1,North Refineries,FALSE
16176,5035,1,North Refineries,FALSE
9686,1102,1,Novatek,FALSE
5150,1105,1,Numaligarh Refinery,FALSE
4773,1106,1,NuStar,FALSE
4870,1112,1,Nynas,FALSE
4929,1112,1,Nynas,FALSE
4967,1112,1,Nynas,FALSE
9697,1112,1,Nynas,FALSE
16186,5036,1,Oil & Gas Development,FALSE
5136,1138,1,Oil and Natural Gas Corporation Limited,FALSE
4624,2446,1,Oil Combustibles S.A.,FALSE
4894,1144,1,OilTanking,FALSE
5100,1151,1,Oman Refineries And Petrochemicals,FALSE
5101,1151,1,Oman Refineries And Petrochemicals,FALSE
6958,1151,1,Oman Refineries And Petrochemicals,FALSE
4994,1159,1,OMV,FALSE
4964,1159,1,OMV,FALSE
4947,1159,1,OMV,FALSE
4819,2448,1,Oro Negro,FALSE
5243,1175,1,Osaka Gas,FALSE
5110,1188,1,Pakistan Arab Refinery Company,FALSE
5114,1188,1,Pakistan Arab Refinery Company,FALSE
4828,2450,1,Pampa Energia,FALSE
16151,5037,1,Panjin Hongye Group,FALSE
16080,5038,1,Panjin Liaotong Chemical,FALSE
16109,5039,1,Panjin Taipinghe Asphalt,FALSE
16074,5040,1,Panjin Xingda Group,FALSE
16111,5041,1,Panlong Petrochemical,FALSE
4625,1204,1,Par Pacific Holdings,FALSE
4680,1204,1,Par Pacific Holdings,FALSE
4962,2452,1,Paramo,FALSE
16185,4964,1,Pars Behin Playeshe Nafte Qeshm,FALSE
5025,1212,1,PAZ,FALSE
4647,1214,1,PBF Energy,FALSE
4746,1214,1,PBF Energy,FALSE
4762,1214,0,PBF Energy,FALSE
4793,1214,1,PBF Energy,FALSE
4790,1214,1,PBF Energy,FALSE
4787,1219,0.5,PDVSA,FALSE
4820,1219,1,PDVSA,FALSE
4821,1219,1,PDVSA,FALSE
4822,1219,1,PDVSA,FALSE
4823,1219,1,PDVSA,FALSE
4807,1219,1,PDVSA,FALSE
4721,1219,1,PDVSA,FALSE
4934,1219,1,PDVSA,FALSE
5116,1219,1,PDVSA,FALSE
5121,1219,0.5,PDVSA,FALSE
5088,1219,1,PDVSA,FALSE
9714,1219,1,PDVSA,FALSE
9715,1219,0.6,PDVSA,FALSE
9716,1219,0.7,PDVSA,FALSE
15990,1219,0.25,PDVSA,FALSE
16001,4965,1,Pelican Refining,FALSE
5001,1223,1,Pemex,FALSE
4685,1223,1,Pemex,FALSE
4687,1223,1,Pemex,FALSE
4688,1223,1,Pemex,FALSE
4795,1223,1,Pemex,FALSE
4902,1223,1,Pemex,FALSE
15982,4966,1,Penglai Anbang Petrochemical,FALSE
15945,1229,1,Perenco,FALSE
5233,1231,1,Pertamina,FALSE
16124,1231,1,Pertamina,FALSE
5155,1231,1,Pertamina,FALSE
5163,1231,1,Pertamina,FALSE
5195,1231,1,Pertamina,FALSE
5185,1231,0.5,Pertamina,FALSE
5173,1231,1,Pertamina,FALSE
5175,1231,1,Pertamina,FALSE
5178,1231,1,Pertamina,FALSE
4827,1240,0.5,Petro Gas,FALSE
4629,1241,1,Petro Star,FALSE
4630,1241,1,Petro Star,FALSE
4710,1242,1,Petrobras,FALSE
4830,1242,1,Petrobras,FALSE
4839,1242,1,Petrobras,FALSE
4840,1242,1,Petrobras,FALSE
4841,1242,1,Petrobras,FALSE
4842,1242,1,Petrobras,FALSE
4843,1242,1,Petrobras,FALSE
4844,1242,1,Petrobras,FALSE
4845,1242,1,Petrobras,FALSE
4847,1242,1,Petrobras,FALSE
4848,1242,1,Petrobras,FALSE
4849,1242,1,Petrobras,FALSE
4837,1242,1,Petrobras,FALSE
5228,1242,1,Petrobras,FALSE
9630,1242,1,Petrobras,FALSE
5225,1246,1,PetroChina,FALSE
5219,1246,1,PetroChina,FALSE
5220,1246,1,PetroChina,FALSE
5222,1246,1,PetroChina,FALSE
5223,1246,1,PetroChina,FALSE
5214,1246,1,PetroChina,FALSE
9650,1246,1,PetroChina,FALSE
9651,1246,1,PetroChina,FALSE
9643,1246,1,PetroChina,FALSE
9644,1246,1,PetroChina,FALSE
9641,1246,1,PetroChina,FALSE
9635,1246,1,PetroChina,FALSE
9636,1246,1,PetroChina,FALSE
9637,1246,1,PetroChina,FALSE
9638,1246,1,PetroChina,FALSE
9639,1246,1,PetroChina,FALSE
4868,1246,0.5,PetroChina,FALSE
5176,1246,1,PetroChina,FALSE
5211,1246,1,PetroChina,FALSE
5168,1246,1,PetroChina,FALSE
5139,1246,1,PetroChina,FALSE
5144,1246,1,PetroChina,FALSE
16076,5042,1,PetroChina Jiangsu Xingneng Asphalt,FALSE
4788,1249,1,Petroecuador,FALSE
4776,1249,1,Petroecuador,FALSE
4779,1249,1,Petroecuador,FALSE
4787,1251,0.5,Petrojam,FALSE
5111,1252,1,Petrokazakhstan,FALSE
9707,2453,1,Petromax,FALSE
16122,2453,1,Petromax,FALSE
5210,1268,1,Petron,FALSE
5189,1269,1,Petronas,FALSE
5166,1269,1,Petronas,FALSE
5167,1269,1,Petronas,FALSE
5014,1269,1,Petronas,FALSE
10786,1269,1,Petronas,FALSE
15999,1269,0.5,Petronas,FALSE
15953,4967,1,PetroNeft Resources,FALSE
4782,1273,1,Petroperu,FALSE
4785,1273,1,Petroperu,FALSE
4804,1273,1,Petroperu,FALSE
4771,1273,1,Petroperu,FALSE
16172,2269,1,Petroplus,FALSE
4969,1275,0.25,PetroSA,FALSE
5030,1278,1,Petrotrin,FALSE
5177,1279,1,PetroVietnam,FALSE
16099,1279,1,PetroVietnam,FALSE
9708,1285,1,Phillips 66,FALSE
4743,1285,0.5,Phillips 66,FALSE
4745,1285,1,Phillips 66,FALSE
4705,1285,1,Phillips 66,FALSE
4701,1285,1,Phillips 66,FALSE
4728,1285,1,Phillips 66,FALSE
4639,1285,1,Phillips 66,FALSE
4634,1285,1,Phillips 66,FALSE
4648,1285,1,Phillips 66,FALSE
4650,1285,1,Phillips 66,FALSE
4684,1285,0.5,Phillips 66,FALSE
4667,1285,1,Phillips 66,FALSE
4800,1285,1,Phillips 66,FALSE
4774,1285,1,Phillips 66,FALSE
4775,1285,1,Phillips 66,FALSE
4915,1285,0.18,Phillips 66,FALSE
4877,1285,1,Phillips 66,FALSE
16180,4968,1,Piroozi Oil and Gas Refinery,FALSE
4979,1289,1,PKN Orlen,FALSE
4976,1289,1,PKN Orlen,FALSE
4736,1290,1,Placid Refining Company,FALSE
15987,4969,1,Platon Gas Oil Ghana,FALSE
4933,1312,1,Preem,FALSE
4937,1312,1,Preem,FALSE
16119,4970,1,PT Tri Wahana Universal,FALSE
5159,1337,0.36,PTT Aromatics and Refining Public Company,FALSE
5160,1337,1,PTT Aromatics and Refining Public Company,FALSE
9700,1337,1,PTT Aromatics and Refining Public Company,FALSE
4831,1338,1,PTT Public Company Limited,FALSE
4759,1340,1,Puma Energy,FALSE
5262,1340,1,Puma Energy,FALSE
9674,1345,1,Qaiwan Group,FALSE
15994,1350,0.84,Qatar Petroleum,FALSE
5080,1350,0.51,Qatar Petroleum,FALSE
5081,1350,0.84,Qatar Petroleum,FALSE
5079,1350,1,Qatar Petroleum,FALSE
16168,4971,1,Qianhai Petroleum & Chemical Group,FALSE
15977,5043,1,Qihua Group,FALSE
16137,4972,1,Qinhuangdao PetroChina Petrochemical,FALSE
16152,5044,1,Qinhuangdao Yuandong Petroleum Refinery,FALSE
4998,1364,1,Rafo,FALSE
4781,2456,1,Red Apple Group,FALSE
5135,1373,1,Refinadora Costarricense de Petroleo,FALSE
4846,2457,1,Refinaria de Petroleos de Manguinhos,FALSE
4997,1374,1,Refineria Dominicana de Petroleo SA,FALSE
5266,1375,1,Refining New Zealand,FALSE
9667,1378,1,Reliance,FALSE
5113,1378,1,Reliance,FALSE
4784,1380,1,Repsol,FALSE
4883,1380,1,Repsol,FALSE
4869,1380,1,Repsol,FALSE
4866,1380,1,Repsol,FALSE
4874,1380,1,Repsol,FALSE
4857,1380,1,Repsol,FALSE
15989,1380,0.5,Repsol,FALSE
5003,1388,1,Rompetrol,FALSE
5035,1390,1,Rosneft,FALSE
5056,1390,1,Rosneft,FALSE
5044,1390,1,Rosneft,FALSE
5040,1390,1,Rosneft,FALSE
4952,1390,0.54,Rosneft,FALSE
5124,1390,1,Rosneft,FALSE
5071,1390,1,Rosneft,FALSE
5074,1390,1,Rosneft,FALSE
5067,1390,1,Rosneft,FALSE
5140,1390,1,Rosneft,FALSE
5146,1390,1,Rosneft,FALSE
5172,1390,1,Rosneft,FALSE
5185,1390,0.5,Rosneft,FALSE
4915,1390,0.24,Rosneft,FALSE
15955,1390,1,Rosneft,FALSE
15958,1390,0.961,Rosneft,FALSE
15967,1390,0.5,Rosneft,FALSE
9715,1390,0.4,Rosneft,FALSE
9664,1390,0.25,Rosneft,FALSE
16182,4973,1,RTS Oil,FALSE
4730,1399,0.24,Rubis,FALSE
16090,4974,1,Ruifeng Petroleum Chemical Holdings,FALSE
5038,1403,1,Russneft,FALSE
16184,4975,0.7,Safinat Group,FALSE
15995,4976,1,Saigon Petro,FALSE
15966,1415,0.0284,Sakhalin Energy Investment,FALSE
4861,2458,1,SAMIR,FALSE
16188,4977,1,San Joaquin Refining,FALSE
4921,1431,1,Saras SPA,FALSE
9696,1434,0.64,Sasol,FALSE
5234,1461,1,Seibu Shipping,FALSE
16072,5045,1,Shaanxi Shuangyi Petrochemical,FALSE
16107,4978,1,Shaanxi Yanchang Petroleum,FALSE
16041,5046,1,Shandong Binhua Group,FALSE
16048,4979,1,Shandong Chambroad Petrochemicals,FALSE
16037,4980,1,Shandong Chengda New Energy Technology,FALSE
16167,4981,1,Shandong Dongfang Hualong Industry and Trading,FALSE
16132,4982,1,Shandong Donghao Petrochemical,FALSE
16139,4983,1,Shandong Dongming Petrochemical Group,FALSE
16077,4983,1,Shandong Dongming Petrochemical Group,FALSE
16042,5047,1,Shandong Haiyou Petrochemical Group,FALSE
16134,4984,1,Shandong Hengyuan Petrochemical,FALSE
16155,5048,1,Shandong Hi-Tech Chemical Group,FALSE
16039,5049,1,Shandong Huifeng Petroleum & Chemical Group,FALSE
16044,4985,1,Shandong Jincheng Petrochemical Group,FALSE
16068,4986,1,Shandong Jingbo Petrochemical,FALSE
16143,4987,1,Shandong Qingyuan Petrochemical,FALSE
15978,4988,1,Shandong Shenchi Chemical,FALSE
16067,4989,1,Shandong Shengkai Petrochemical,FALSE
16140,4989,1,Shandong Shengkai Petrochemical,FALSE
16131,4989,1,Shandong Shengkai Petrochemical,FALSE
16097,4990,1,Shandong Shida Technology Group,FALSE
16104,5050,1,Shandong Tianhong Energy Chemical,FALSE
16094,4991,1,Shandong Wantong Petrochemical Group,FALSE
16073,4991,1,Shandong Wantong Petrochemical Group,FALSE
16063,4992,1,Shandong Yuhuang Chemical,FALSE
16108,4992,1,Shandong Yuhuang Chemical,FALSE
16144,5051,0.67,Shanghai Chemical Industry Group,FALSE
5092,1480,1,Sharjah Oil,FALSE
5070,1482,0.3333,Shell,FALSE
5164,1482,1,Shell,FALSE
5171,1482,1,Shell,FALSE
5024,1482,0.3333,Shell,FALSE
5013,1482,0.5,Shell,FALSE
4916,1482,0.3333,Shell,FALSE
4925,1482,1,Shell,FALSE
4952,1482,0.37,Shell,FALSE
4712,1482,1,Shell,FALSE
4752,1482,1,Shell,FALSE
4657,1482,1,Shell,FALSE
4641,1482,1,Shell,FALSE
4636,1482,1,Shell,FALSE
4915,1482,0.32,Shell,FALSE
4908,1482,1,Shell,FALSE
4898,1482,1,Shell,FALSE
4853,1482,1,Shell,FALSE
5232,1482,1,Shell,FALSE
5213,1482,1,Shell,FALSE
5246,1482,1,Shell,FALSE
5260,1482,1,Shell,FALSE
9632,1482,1,Shell,FALSE
9625,1482,1,Shell,FALSE
9705,1482,1,Shell,FALSE
9663,1482,1,Shell,FALSE
15990,1482,0.5,Shell,FALSE
16004,1482,0.3333,Shell,FALSE
15981,5052,1,Shengyang Jingfa Bitumen,FALSE
16115,5053,1,Shenxian Huaxiang Petrochemical,FALSE
16079,4993,1,Shouguang Lianmeng Petrochemical,FALSE
16078,4994,0.0665,Sichuan Road & Bridge,FALSE
15980,4995,1,Sichuan Shengma Chemical Industry Stock,FALSE
16045,4995,1,Sichuan Shengma Chemical Industry Stock,FALSE
4664,1506,1,Silver Eagle Refining Company,FALSE
4660,1506,1,Silver Eagle Refining Company,FALSE
4673,1512,1,Sinclair Oil Corp,FALSE
4670,1512,1,Sinclair Oil Corp,FALSE
5170,1514,1,Singapore Refining Company,FALSE
16120,1518,1,Sinochem,FALSE
16086,1520,1,Sinopec,FALSE
9640,1520,1,Sinopec,FALSE
9642,1520,1,Sinopec,FALSE
9645,1520,1,Sinopec,FALSE
9646,1520,1,Sinopec,FALSE
9647,1520,1,Sinopec,FALSE
9648,1520,1,Sinopec,FALSE
9649,1520,1,Sinopec,FALSE
7222,1520,1,Sinopec,FALSE
5216,1520,1,Sinopec,FALSE
5217,1520,1,Sinopec,FALSE
5218,1520,1,Sinopec,FALSE
5186,1520,1,Sinopec,FALSE
5187,1520,1,Sinopec,FALSE
5188,1520,1,Sinopec,FALSE
5190,1520,1,Sinopec,FALSE
5179,1520,1,Sinopec,FALSE
5182,1520,1,Sinopec,FALSE
5183,1520,1,Sinopec,FALSE
5209,1520,1,Sinopec,FALSE
5193,1520,1,Sinopec,FALSE
5194,1520,1,Sinopec,FALSE
5196,1520,1,Sinopec,FALSE
5197,1520,1,Sinopec,FALSE
5198,1520,1,Sinopec,FALSE
5200,1520,1,Sinopec,FALSE
5201,1520,1,Sinopec,FALSE
5203,1520,1,Sinopec,FALSE
5034,1520,0.37,Sinopec,FALSE
5226,1528,1,SK,FALSE
5229,1528,1,SK,FALSE
5045,1531,1,Slavneft,FALSE
5005,1531,1,Slavneft,FALSE
15956,4740,1,Slavyansk Eko,FALSE
5072,1538,1,Socar,FALSE
5073,1538,1,Socar,FALSE
4850,1542,1,Societe Africaine de Raffinage,FALSE
4867,1547,1,Societe Ivoirienne de Raffinage,FALSE
4950,1558,1,Sonangol Group,FALSE
4948,1558,1,Sonangol Group,FALSE
15992,1558,0.2799,Sonangol Group,FALSE
4923,1559,1,Sonara,FALSE
4907,1561,1,Sonatrach,FALSE
4875,1561,1,Sonatrach,FALSE
4905,1561,1,Sonatrach,FALSE
4887,1561,1,Sonatrach,FALSE
9622,1561,0.7,Sonatrach,FALSE
9617,1561,1,Sonatrach,FALSE
16175,4996,1,South Refineries,FALSE
4940,1582,1,St1 Energy,FALSE
4834,1583,1,Staatsolie Maatschappij Suriname N.V.,FALSE
9683,2460,1,Steaua Romana,FALSE
5039,1617,0.37,Sumitomo Chemical,FALSE
4780,1620,1,Suncor,FALSE
4802,1620,1,Suncor,FALSE
4675,1620,1,Suncor,FALSE
4656,1620,1,Suncor,FALSE
4767,1620,1,Suncor,FALSE
4797,1621,1,Sunoco,FALSE
4791,1621,1,Sunoco,FALSE
5016,1624,1,Surgutneftegas,FALSE
5029,1631,1,Syrian Petroleum Company,FALSE
9688,1636,1,TAIF Group,FALSE
5238,1638,1,Taiyo Oil,FALSE
16047,5054,0.33,Taizhou Dongtai PetroChemical,FALSE
4927,1642,1,Tamoil,FALSE
4906,1642,1,Tamoil,FALSE
15985,4997,1,Targa Resources,FALSE
9689,1651,1,Tatneft,FALSE
15968,1651,1,Tatneft,FALSE
4880,1667,1,Tema Oil Refinery,FALSE
5157,1677,1,Thai Oil,FALSE
4926,1683,1,The Tunisian Company for Refining Industries,FALSE
5251,1698,1,TOA OIL,FALSE
15962,5055,0.9822,Tomsk Refining,FALSE
9695,1709,0.37,Total,FALSE
9696,1709,0.36,Total,FALSE
15994,1709,0.1,Total,FALSE
16005,1709,0.5,Total,FALSE
4924,1709,1,Total,FALSE
4916,1709,0.3333,Total,FALSE
4918,1709,0.25,Total,FALSE
4942,1709,1,Total,FALSE
4945,1709,1,Total,FALSE
5070,1709,0.3333,Total,FALSE
5081,1709,0.1,Total,FALSE
5080,1709,0.1,Total,FALSE
4881,1709,1,Total,FALSE
4884,1709,1,Total,FALSE
4886,1709,1,Total,FALSE
4896,1709,1,Total,FALSE
4889,1709,0.5,Total,FALSE
4899,1709,1,Total,FALSE
4903,1709,1,Total,FALSE
4876,1709,1,Total,FALSE
4872,1709,1,Total,FALSE
4730,1709,0.5,Total,FALSE
4722,1709,1,Total,FALSE
4748,1713,1,Trafigura,FALSE
15992,1713,0.4941,Trafigura,FALSE
4638,1714,1,TrailStone,FALSE
5046,1742,1,Tupras,FALSE
5023,1742,1,Tupras,FALSE
5007,1742,1,Tupras,FALSE
4999,1742,1,Tupras,FALSE
5024,1743,0.3333,Turcas,FALSE
5086,1745,1,Turkmenistan State,FALSE
5103,1745,1,Turkmenistan State,FALSE
5022,1747,1,Ukrtatnafta,FALSE
4987,1747,1,Ukrtatnafta,FALSE
4991,1747,1,Ukrtatnafta,FALSE
4954,2113,1,Unipetrol,FALSE
4951,2113,1,Unipetrol,FALSE
16081,4998,1,Unity Strength,FALSE
9631,2461,1,Univen Petroleo,FALSE
5039,-1,0.25,Unknown,FALSE
5080,-1,0.29,Unknown,FALSE
5081,-1,0.04,Unknown,FALSE
15966,4999,0.9716,Urals Energy PCL,FALSE
15970,4999,1,Urals Energy PCL,FALSE
9711,2462,1,Uzbekneftegaz,FALSE
9712,2462,1,Uzbekneftegaz,FALSE
9713,2462,1,Uzbekneftegaz,FALSE
4640,1796,1,Valero,FALSE
4682,1796,1,Valero,FALSE
4690,1796,1,Valero,FALSE
4694,1796,1,Valero,FALSE
4695,1796,1,Valero,FALSE
4744,1796,1,Valero,FALSE
4747,1796,1,Valero,FALSE
4742,1796,1,Valero,FALSE
4719,1796,1,Valero,FALSE
4708,1796,1,Valero,FALSE
4717,1796,1,Valero,FALSE
4700,1796,1,Valero,FALSE
4865,1796,1,Valero,FALSE
4810,1796,1,Valero,FALSE
9702,1796,1,Valero,FALSE
9709,1796,1,Valero,FALSE
9664,1804,0.45,Varo,FALSE
4909,1804,1,Varo,FALSE
4892,1831,1,Vitol,FALSE
5099,1831,1,Vitol,FALSE
9627,1831,1,Vitol,FALSE
16102,1831,1,Vitol,FALSE
15969,5056,1,Volkhov-Eko,FALSE
16004,1833,0.3334,Vopak,FALSE
15957,5000,1,VPK-Oil,FALSE
4789,1847,1,Western Refining,FALSE
16002,5001,1,World Energy LLC,FALSE
4652,2464,1,World Oil,FALSE
16096,5057,1,Wudi Xinyue Chemical,FALSE
16069,5002,0.255,Xindu Group,FALSE
16181,5003,1,Xinjiang International Industry,FALSE
4814,1872,1,Yacimentos Petroliferos Bolivianos,FALSE
4815,1872,1,Yacimentos Petroliferos Bolivianos,FALSE
4816,1872,1,Yacimentos Petroliferos Bolivianos,FALSE
4824,1872,0.71,Yacimentos Petroliferos Bolivianos,FALSE
4826,1872,1,Yacimentos Petroliferos Bolivianos,FALSE
4910,1872,1,Yacimentos Petroliferos Bolivianos,FALSE
4827,1873,0.5,Yacimientos Petroliferos Fiscales,FALSE
15983,5058,1,Yanbian Lian Petrochemical,FALSE
16142,5059,1,Yancheng Lianfu PetroChemical,FALSE
9718,1876,1,Yemen Petroleum company,FALSE
16082,5060,1,Yingchang Heavy Road Asphalt,FALSE
9628,2466,1,Zarubezhneft,FALSE
9677,2467,1,Zhongda,FALSE
